{"cameraMode":{"drawMode":0,"name":"Shaded","section":"Shading Mode"},"sceneLighting":true,"audioPlay":false,"sceneViewState":{"m_AlwaysRefresh":false,"showFog":true,"showSkybox":true,"showFlares":true,"showImageEffects":true,"showParticleSystems":true,"showVisualEffectGraphs":true,"m_FxEnabled":true},"in2DMode":false,"pivot":{"x":0.3246566653251648,"y":1.6360416412353516,"z":-0.10590929538011551},"rotation":{"x":0.710268497467041,"y":-0.004223482683300972,"z":0.004261651076376438,"w":0.7039046883583069},"size":6.908461093902588,"orthographic":false}