{"cameraMode":{"drawMode":0,"name":"Shaded","section":"Shading Mode"},"sceneLighting":true,"audioPlay":false,"sceneViewState":{"m_AlwaysRefresh":false,"showFog":true,"showSkybox":true,"showFlares":true,"showImageEffects":true,"showParticleSystems":true,"showVisualEffectGraphs":true,"m_FxEnabled":true},"in2DMode":false,"pivot":{"x":0.19819629192352296,"y":23.385196685791017,"z":18.721324920654298},"rotation":{"x":-0.3673563599586487,"y":0.6169981956481934,"z":-0.39598798751831057,"w":-0.5723579525947571},"size":0.988278865814209,"orthographic":false}