{"cameraMode":{"drawMode":0,"name":"Shaded","section":"Shading Mode"},"sceneLighting":true,"audioPlay":false,"sceneViewState":{"m_AlwaysRefresh":false,"showFog":true,"showSkybox":true,"showFlares":true,"showImageEffects":true,"showParticleSystems":true,"showVisualEffectGraphs":true,"m_FxEnabled":true},"in2DMode":false,"pivot":{"x":0.06078090891242027,"y":4.666620254516602,"z":3.153428316116333},"rotation":{"x":-0.008953643962740898,"y":0.9344355463981628,"z":-0.3552587330341339,"w":-0.023552775382995607},"size":0.8660253882408142,"orthographic":false}