{"cameraMode":{"drawMode":0,"name":"Shaded","section":"Shading Mode"},"sceneLighting":true,"audioPlay":false,"sceneViewState":{"m_AlwaysRefresh":false,"showFog":true,"showSkybox":true,"showFlares":true,"showImageEffects":true,"showParticleSystems":true,"showVisualEffectGraphs":true,"m_FxEnabled":true},"in2DMode":false,"pivot":{"x":-35.39054870605469,"y":14.764698028564454,"z":10.858943939208985},"rotation":{"x":-0.27967196702957156,"y":0.32588323950767519,"z":-0.1015438660979271,"w":-0.8974190354347229},"size":1.2535889148712159,"orthographic":false}